dataset,context,units,retained,actual_coverage,full_method_pcc,retained_method_pcc
Afriat,Pericentral,2,2,1.0,0.9451,0.9451
Afriat,Periportal,2,2,1.0,0.9451,0.9451
Haber,Endocrine,3,3,1.0,0.6272,0.6272
Haber,Enterocyte,3,3,1.0,0.6867333333333333,0.6867333333333333
Haber,Enterocyte_Progenitor,3,2,0.6666666666666666,0.8456666666666667,0.9028
Haber,Goblet,3,3,1.0,0.7472,0.7472
Haber,Stem,3,2,0.6666666666666666,0.8175666666666667,0.85385
Haber,TA,3,2,0.6666666666666666,0.8248000000000001,0.88625
Haber,TA_Early,3,2,0.6666666666666666,0.8725333333333333,0.8969499999999999
Haber,Tuft,3,3,1.0,0.6245666666666667,0.6245666666666667
KaggleCrossCell,CD4,10,8,0.8,0.6056199999999999,0.56595
KaggleCrossCell,CD8,2,1,0.5,0.9138999999999999,0.9141
KaggleCrossCell,Myeloid,5,5,1.0,0.28572,0.28572
KaggleCrossCell,NK,6,5,0.8333333333333334,0.47468333333333335,0.44664000000000004
KaggleCrossCell,Treg,1,1,1.0,0.8594,0.8594
KaggleCrossPatient,Pat0,10,8,0.8,0.57283,0.680575
KaggleCrossPatient,Pat1,10,7,0.7,0.6566599999999999,0.8327571428571428
KaggleCrossPatient,Pat2,10,9,0.9,0.56955,0.6287111111111111
McFarland,BICR31,7,6,0.8571428571428571,0.7382285714285715,0.7935166666666666
McFarland,COLO680N,11,8,0.7272727272727273,0.6618090909090909,0.741475
McFarland,RCC10RGB,10,9,0.9,0.57512,0.6106444444444444
McFarland,SKMEL2,3,2,0.6666666666666666,0.5689333333333334,0.6856
McFarland,TEN,11,9,0.8181818181818182,0.6334454545454545,0.653988888888889
Parekh,endothelial,10,8,0.8,0.33831,0.41307499999999997
Parekh,hPSC,10,9,0.9,0.24374,0.27498888888888895
Parekh,multilineage,10,7,0.7,0.22514000000000003,0.3048
TCDD,Cholangiocytes,1,1,1.0,0.658,0.658
TCDD,EndothelialCells,1,1,1.0,0.7214,0.7214
TCDD,HepatocytesCentral,1,0,0.0,0.8404,
TCDD,HepatocytesPortal,1,1,1.0,0.8469,0.8469
TCDD,PortalFibroblasts,1,1,1.0,0.5394,0.5394
TCDD,StellateCells,1,1,1.0,0.5986,0.5986
crossPatient,PW029,1,0,0.0,0.1012,
crossPatient,PW030,2,2,1.0,0.2509,0.2509
crossPatient,PW032,2,2,1.0,0.2195,0.2195
crossPatient,PW034,2,1,0.5,0.375,0.4221
crossPatient,PW036,2,2,1.0,0.22325,0.22325
crossPatient,PW040,1,1,1.0,0.3878,0.3878
crossSpecies,mouse,1,1,1.0,0.5816,0.5816
crossSpecies,pig,1,1,1.0,0.5526,0.5526
crossSpecies,rabbit,1,1,1.0,0.4458,0.4458
crossSpecies,rat,1,1,1.0,0.6084,0.6084
kangCrossPatient,Pat101,1,1,1.0,0.983,0.983
kangCrossPatient,Pat1015,1,0,0.0,0.9843,
kangCrossPatient,Pat1016,1,1,1.0,0.9813,0.9813
kangCrossPatient,Pat1039,1,1,1.0,0.9758,0.9758
kangCrossPatient,Pat107,1,1,1.0,0.9754,0.9754
kangCrossPatient,Pat1244,1,1,1.0,0.9665,0.9665
kangCrossPatient,Pat1256,1,1,1.0,0.9732,0.9732
kangCrossPatient,Pat1488,1,1,1.0,0.9724,0.9724
sciplex3,A549,9,6,0.6666666666666666,0.3488888888888889,0.42311666666666675
sciplex3,K562,9,9,1.0,0.24304444444444442,0.24304444444444442
sciplex3,MCF7,9,7,0.7777777777777778,0.3526222222222222,0.4173285714285715
