dataset,units,retained,actual_coverage,selector_identifiable,random_expected_method_risk,retained_method_risk,matched_mask_baseline_risk,selector_risk_improvement,matched_predictor_risk_improvement,selector_descriptive_improvement,matched_predictor_not_worse,full_method_mse,retained_method_mse
Afriat,4,4,1.0,False,0.054900000000000004,0.054900000000000004,0.31325000000000003,0.0,0.25835,False,True,0.0015999999999999999,0.0015999999999999999
Haber,24,20,0.8333333333333334,True,0.24421666666666667,0.24315999999999996,0.4906499999999999,0.0010566666666667057,0.24748999999999996,True,True,0.004491666666666667,0.005064999999999998
KaggleCrossCell,24,20,0.8333333333333334,True,0.45749583333333327,0.5018549999999999,0.6848799999999999,-0.04435916666666667,0.183025,False,True,0.006733333333333333,0.005299999999999999
KaggleCrossPatient,30,24,0.8,True,0.40032,0.2944875,0.2918791666666667,0.1058325,-0.0026083333333333236,True,False,0.0031333333333333335,0.003254166666666667
McFarland,42,34,0.8095238095238095,True,0.36015714285714284,0.3104176470588235,0.5798294117647058,0.04973949579831932,0.2694117647058823,True,True,0.007392857142857144,0.007852941176470589
Parekh,30,24,0.8,True,0.7309366666666666,0.6702875,0.6998875,0.06064916666666653,0.02959999999999996,True,True,0.00283,0.0031583333333333337
TCDD,6,5,0.8333333333333334,True,0.29921666666666663,0.32714,0.80512,-0.027923333333333356,0.47797999999999996,False,True,0.0034833333333333335,0.0035000000000000005
crossPatient,10,8,0.8,True,0.7373700000000001,0.7253499999999999,0.5963375,0.012020000000000142,-0.12901249999999997,True,False,0.00512,0.005175
crossSpecies,4,4,1.0,False,0.45289999999999997,0.45289999999999997,0.659675,0.0,0.20677500000000004,False,True,0.03497499999999999,0.03497499999999999
kangCrossPatient,8,7,0.875,True,0.023512500000000006,0.024628571428571427,0.0504,-0.0011160714285714211,0.025771428571428574,False,True,0.0016499999999999998,0.0017142857142857144
sciplex3,27,22,0.8148148148148148,True,0.6851481481481481,0.652390909090909,0.6341818181818182,0.03275723905723904,-0.01820909090909084,True,False,0.005544444444444445,0.0062
