line,gene,n_ko,n_donors,K,identifiable,mse_M,mse_B,mse_Rnd,pcc_M,pcc_B
UMRC3,MDM2,162,11,11,0,0.028124700542525412,0.028124700542525412,0.02812470054252541,-0.06659815002763007,-0.06659815002763007
UMRC3,MTOR,604,13,13,0,0.004869694154886191,0.004869694154886191,0.0048696941548861915,0.5306562147019307,0.5306562147019307
UMRC3,MTPAP,729,13,13,0,0.02410451189498178,0.02410451189498178,0.024104511894981792,-0.7658867965943397,-0.7658867965943397
UMRC3,MYC,452,12,12,0,0.007395566667648905,0.007395566667648905,0.007395566667648904,0.7544405278996511,0.7544405278996511
UMRC3,PSMA1,237,5,5,0,0.03118496868163185,0.03118496868163185,0.03118496868163185,0.6154818456206573,0.6154818456206573
UMRC3,SEC23IP,611,13,7,1,0.0023057428699562034,0.0028224753302125327,0.00311913173705661,0.7315966672652848,0.7141472419356354
UMRC3,SMG6,539,13,12,1,0.004261759751343394,0.004375690129467936,0.004422405957583722,0.723590957705416,0.7196542024112264
UMRC3,TFRC,475,13,6,1,0.002506573408103866,0.0018945081160453934,0.002447733726891057,0.22986009058676973,0.18649357783797896
UMRC3,TXN,386,13,4,1,0.0009202286840434641,0.0006850308977898261,0.0011216197708934907,0.23505928543916305,0.21732553142083516
UMRC3,TYMS,672,13,13,0,0.000593843549403637,0.000593843549403637,0.0005938435494036371,0.0005219969610168247,0.0005219969610168247
KMRC20,MDM2,1080,11,11,0,0.00046708285889719405,0.00046708285889719405,0.00046708285889719426,0.33694483618694876,0.33694483618694876
KMRC20,MTOR,1416,13,13,0,0.007319239636366221,0.007319239636366221,0.007319239636366218,0.5284543086882804,0.5284543086882804
KMRC20,MTPAP,1490,13,13,0,0.01573107792010504,0.01573107792010504,0.01573107792010505,-0.3833499557563397,-0.3833499557563397
KMRC20,MYC,931,12,12,0,0.008718421030728087,0.008718421030728087,0.008718421030728087,0.6701690558662362,0.6701690558662362
KMRC20,PSMA1,213,5,5,0,0.01909633220635817,0.01909633220635817,0.019096332206358167,0.549876175283413,0.549876175283413
KMRC20,SEC23IP,979,13,7,1,0.002604046954152989,0.0031462155372957686,0.0034508528660549755,0.7136469514034365,0.6939891395325453
KMRC20,SMG6,1246,13,12,1,0.0025523448364663122,0.0022993321358721047,0.0023441707851124785,0.6772874181050981,0.677675085694684
KMRC20,TFRC,992,13,6,1,0.0019631021779892917,0.0012657914897885095,0.0018289688930072509,0.3023686179593675,0.3073083994695817
KMRC20,TXN,833,13,4,1,0.0007264682036647653,0.00045161292552224077,0.0008939432741695048,0.21872518785313533,0.23568600242839371
KMRC20,TYMS,1118,13,13,0,0.0004951346855743199,0.0004951346855743199,0.0004951346855743199,0.1935832471713836,0.1935832471713836
