dataset,ridge_minus_meanDelta_pcc_delta,meanDelta_minus_absolute_pcc_delta,ridge_minus_meanDelta_mse,meanDelta_minus_absolute_mse,analytic_minus_published_pcc
Afriat,0.0,0.25670000000000004,0.0,-0.012999999999999998,0.0016500000000000403
Haber,0.026899999999999924,0.2242333333333335,-0.00034583333333333254,-0.036366666666666665,0.003916666666666568
KaggleCrossCell,0.014729166666666682,0.12703333333333328,-5.833333333333385e-05,-0.04249583333333334,-0.021183333333333332
KaggleCrossPatient,-0.0003266666666666973,0.01932999999999996,-9.333333333333329e-05,-0.0008700000000000001,-0.029113333333333324
McFarland,0.015514285714285703,0.24083809523809524,-0.0005238095238095245,-0.0344452380952381,0.00033809523809524844
Parekh,0.014026666666666632,-0.005139999999999978,-2.6666666666666592e-05,-0.022756666666666665,-0.003856666666666675
TCDD,-0.0022500000000000853,0.5000000000000001,6.66666666666667e-05,-0.06190000000000001,-0.03606666666666669
crossPatient,0.11535000000000004,-0.19605000000000003,-0.0004399999999999994,-0.00697,-0.008779999999999955
crossSpecies,-0.013050000000000006,0.21967500000000006,0.0025499999999999967,-0.08432499999999998,0.00014999999999998348
kangCrossPatient,0.0006499999999999284,0.023349999999999982,-3.749999999999999e-05,-0.0014,0.003837500000000049
sciplex3,0.032274074074074066,-0.02043333333333336,-0.000966666666666666,-0.031248148148148153,-0.016614814814814804
