dataset,context,perturbation,pcc_delta,mse,certificate,training_contexts,predictor
KaggleCrossCell,CD4,AT13387,0.9121,0.0021,0.0,1,analytic_trainMean
KaggleCrossCell,CD4,CEP18770,0.9706,0.0017,0.0,1,analytic_trainMean
KaggleCrossCell,CD4,CHIR99021,0.0565,0.063,0.0,2,analytic_trainMean
KaggleCrossCell,CD4,Ganetespib,0.9101,0.0026,0.0,1,analytic_trainMean
KaggleCrossCell,CD4,LDN,-0.0453,0.0727,0.0,2,analytic_trainMean
KaggleCrossCell,CD4,Linagliptin,-0.0417,0.0643,0.0,2,analytic_trainMean
KaggleCrossCell,CD4,MLN,0.9699,0.0018,0.0,1,analytic_trainMean
KaggleCrossCell,CD4,Oprozomib,0.9773,0.0017,0.0,1,analytic_trainMean
KaggleCrossCell,CD4,Palbociclib,-0.0407,0.0544,0.0,2,analytic_trainMean
KaggleCrossCell,CD4,Penfluridol,0.0361,0.1338,0.0,1,analytic_trainMean
KaggleCrossCell,CD8,CEP18770,0.9713,0.0017,0.0,1,analytic_trainMean
KaggleCrossCell,CD8,MLN,0.971,0.0018,0.0,1,analytic_trainMean
KaggleCrossCell,Myeloid,CHIR99021,0.0035,0.1322,0.0,2,analytic_trainMean
KaggleCrossCell,Myeloid,LDN,-0.1661,0.1328,0.0,2,analytic_trainMean
KaggleCrossCell,Myeloid,Linagliptin,-0.0061,0.1309,0.0,2,analytic_trainMean
KaggleCrossCell,Myeloid,Palbociclib,0.1315,0.1271,0.0,2,analytic_trainMean
KaggleCrossCell,Myeloid,Penfluridol,-0.0388,0.1338,0.0,1,analytic_trainMean
KaggleCrossCell,NK,AT13387,0.9735,0.0021,0.0,1,analytic_trainMean
KaggleCrossCell,NK,CHIR99021,0.0307,0.0289,0.0,2,analytic_trainMean
KaggleCrossCell,NK,Ganetespib,0.9673,0.0026,0.0,1,analytic_trainMean
KaggleCrossCell,NK,LDN,-0.1808,0.0325,0.0,2,analytic_trainMean
KaggleCrossCell,NK,Linagliptin,0.0399,0.0296,0.0,2,analytic_trainMean
KaggleCrossCell,NK,Palbociclib,0.2341,0.0271,0.0,2,analytic_trainMean
KaggleCrossCell,Treg,Oprozomib,0.9819,0.0017,0.0,1,analytic_trainMean
KaggleCrossCell,CD4,AT13387,0.6149,0.0228,0.0,1,meanDelta
KaggleCrossCell,CD4,CEP18770,0.9137,0.005,0.0,1,meanDelta
KaggleCrossCell,CD4,CHIR99021,0.3605,0.0021,0.0,2,meanDelta
KaggleCrossCell,CD4,Ganetespib,0.6337,0.0232,0.0,1,meanDelta
KaggleCrossCell,CD4,LDN,0.16,0.0009,0.0,2,meanDelta
KaggleCrossCell,CD4,Linagliptin,0.5326,0.0011,0.0,2,meanDelta
KaggleCrossCell,CD4,MLN,0.9141,0.0051,0.0,1,meanDelta
KaggleCrossCell,CD4,Oprozomib,0.8594,0.0121,0.0,1,meanDelta
KaggleCrossCell,CD4,Palbociclib,0.6132,0.001,0.0,2,meanDelta
KaggleCrossCell,CD4,Penfluridol,0.2843,0.0014,0.0,1,meanDelta
KaggleCrossCell,CD8,CEP18770,0.9137,0.005,0.0,1,meanDelta
KaggleCrossCell,CD8,MLN,0.9141,0.0051,0.0,1,meanDelta
KaggleCrossCell,Myeloid,CHIR99021,0.2494,0.0045,0.0,2,meanDelta
KaggleCrossCell,Myeloid,LDN,0.1213,0.0016,0.0,2,meanDelta
KaggleCrossCell,Myeloid,Linagliptin,0.3666,0.0026,0.0,2,meanDelta
KaggleCrossCell,Myeloid,Palbociclib,0.4246,0.0025,0.0,2,meanDelta
KaggleCrossCell,Myeloid,Penfluridol,0.2843,0.0014,0.0,1,meanDelta
KaggleCrossCell,NK,AT13387,0.6149,0.0228,0.0,1,meanDelta
KaggleCrossCell,NK,CHIR99021,0.365,0.0025,0.0,2,meanDelta
KaggleCrossCell,NK,Ganetespib,0.6337,0.0232,0.0,1,meanDelta
KaggleCrossCell,NK,LDN,0.1902,0.0015,0.0,2,meanDelta
KaggleCrossCell,NK,Linagliptin,0.3756,0.0018,0.0,2,meanDelta
KaggleCrossCell,NK,Palbociclib,0.4674,0.0017,0.0,2,meanDelta
KaggleCrossCell,Treg,Oprozomib,0.8594,0.0121,0.0,1,meanDelta
KaggleCrossCell,CD4,AT13387,0.6149,0.0228,-1.0,1,frozen_ridge
KaggleCrossCell,CD4,CEP18770,0.9137,0.005,-1.0,1,frozen_ridge
KaggleCrossCell,CD4,CHIR99021,0.4574,0.0017,0.219253907325354,2,frozen_ridge
KaggleCrossCell,CD4,Ganetespib,0.6337,0.0232,-1.0,1,frozen_ridge
KaggleCrossCell,CD4,LDN,0.17,0.0009,0.1176192704885119,2,frozen_ridge
KaggleCrossCell,CD4,Linagliptin,0.5535,0.001,0.2456397510363367,2,frozen_ridge
KaggleCrossCell,CD4,MLN,0.9141,0.0051,-1.0,1,frozen_ridge
KaggleCrossCell,CD4,Oprozomib,0.8594,0.0121,-1.0,1,frozen_ridge
KaggleCrossCell,CD4,Palbociclib,0.6552,0.0008,0.3006870137671098,2,frozen_ridge
KaggleCrossCell,CD4,Penfluridol,0.2843,0.0014,-1.0,1,frozen_ridge
KaggleCrossCell,CD8,CEP18770,0.9137,0.005,-1.0,1,frozen_ridge
KaggleCrossCell,CD8,MLN,0.9141,0.0051,-1.0,1,frozen_ridge
KaggleCrossCell,Myeloid,CHIR99021,0.2433,0.0046,0.4063822451440395,2,frozen_ridge
KaggleCrossCell,Myeloid,LDN,0.1562,0.0017,0.1868370166493414,2,frozen_ridge
KaggleCrossCell,Myeloid,Linagliptin,0.339,0.0027,0.4290589931920524,2,frozen_ridge
KaggleCrossCell,Myeloid,Palbociclib,0.4058,0.0026,0.5363672452058276,2,frozen_ridge
KaggleCrossCell,Myeloid,Penfluridol,0.2843,0.0014,-1.0,1,frozen_ridge
KaggleCrossCell,NK,AT13387,0.6149,0.0228,-1.0,1,frozen_ridge
KaggleCrossCell,NK,CHIR99021,0.4347,0.0021,0.186001549693258,2,frozen_ridge
KaggleCrossCell,NK,Ganetespib,0.6337,0.0232,-1.0,1,frozen_ridge
KaggleCrossCell,NK,LDN,0.2246,0.0013,0.0454122792621498,2,frozen_ridge
KaggleCrossCell,NK,Linagliptin,0.4232,0.0016,0.3918865033007221,2,frozen_ridge
KaggleCrossCell,NK,Palbociclib,0.517,0.0014,0.4423027630799469,2,frozen_ridge
KaggleCrossCell,Treg,Oprozomib,0.8594,0.0121,-1.0,1,frozen_ridge
