dataset,predictor,pcc_delta,mse,published_target,full_pass
Afriat,analytic_trainMean,0.6884,0.014599999999999998,0.68675,True
Afriat,frozen_ridge,0.9451,0.0015999999999999999,0.68675,True
Afriat,meanDelta,0.9451,0.0015999999999999999,0.68675,True
Haber,analytic_trainMean,0.5046499999999999,0.04120416666666667,0.5007333333333334,True
Haber,frozen_ridge,0.7557833333333334,0.004491666666666667,0.5007333333333334,True
Haber,meanDelta,0.7288833333333334,0.0048375,0.5007333333333334,True
KaggleCrossCell,analytic_trainMean,0.4007416666666667,0.049287500000000005,0.42192500000000005,False
KaggleCrossCell,frozen_ridge,0.5425041666666667,0.006733333333333333,0.42192500000000005,True
KaggleCrossCell,meanDelta,0.527775,0.006791666666666667,0.42192500000000005,True
KaggleCrossPatient,analytic_trainMean,0.5806766666666667,0.004096666666666667,0.60979,False
KaggleCrossPatient,frozen_ridge,0.59968,0.0031333333333333335,0.60979,False
KaggleCrossPatient,meanDelta,0.6000066666666667,0.0032266666666666667,0.60979,False
McFarland,analytic_trainMean,0.3834904761904762,0.04236190476190477,0.38315238095238097,True
McFarland,frozen_ridge,0.6398428571428572,0.007392857142857143,0.38315238095238097,True
McFarland,meanDelta,0.6243285714285715,0.007916666666666667,0.38315238095238097,True
Parekh,analytic_trainMean,0.26017666666666667,0.02561333333333333,0.26403333333333334,False
Parekh,frozen_ridge,0.2690633333333333,0.00283,0.26403333333333334,True
Parekh,meanDelta,0.2550366666666667,0.0028566666666666666,0.26403333333333334,False
TCDD,analytic_trainMean,0.20303333333333332,0.06531666666666668,0.2391,False
TCDD,frozen_ridge,0.7007833333333333,0.0034833333333333335,0.2391,True
TCDD,meanDelta,0.7030333333333334,0.003416666666666667,0.2391,True
crossPatient,analytic_trainMean,0.34333,0.01253,0.35211,False
crossPatient,frozen_ridge,0.26263000000000003,0.00512,0.35211,False
crossPatient,meanDelta,0.14728,0.00556,0.35211,False
crossSpecies,analytic_trainMean,0.34047499999999997,0.11674999999999999,0.340325,True
crossSpecies,frozen_ridge,0.5471,0.034975,0.340325,True
crossSpecies,meanDelta,0.56015,0.032425,0.340325,True
kangCrossPatient,analytic_trainMean,0.9524875,0.0030875,0.94865,True
kangCrossPatient,frozen_ridge,0.9764875,0.00165,0.94865,True
kangCrossPatient,meanDelta,0.9758375,0.0016875,0.94865,True
sciplex3,analytic_trainMean,0.3030111111111111,0.03775925925925926,0.3196259259259259,False
sciplex3,frozen_ridge,0.3148518518518518,0.005544444444444445,0.3196259259259259,False
sciplex3,meanDelta,0.28257777777777776,0.006511111111111111,0.3196259259259259,False
