dataset,context,perturbation,pcc_delta,mse,certificate,training_contexts
Afriat,Pericentral,Infected,0.9418,0.0018,-1.0,1
Afriat,Pericentral,Uninfected,0.9484,0.0014,-1.0,1
Afriat,Periportal,Infected,0.9418,0.0018,-1.0,1
Afriat,Periportal,Uninfected,0.9484,0.0014,-1.0,1
Haber,Endocrine,Hpoly_Day10,0.6645,0.0064,0.6727981624965695,7
Haber,Endocrine,Hpoly_Day3,0.5415,0.0072,0.4805266055145848,7
Haber,Endocrine,Salmonella,0.6756,0.0087,0.5622852464940511,7
Haber,Enterocyte,Hpoly_Day10,0.7468,0.0079,0.6454342042755224,7
Haber,Enterocyte,Hpoly_Day3,0.5735,0.0042,0.4485488314279851,7
Haber,Enterocyte,Salmonella,0.7399,0.0065,0.5500546110610052,7
Haber,Enterocyte_Progenitor,Hpoly_Day10,0.9124,0.0024,0.6075020088869296,7
Haber,Enterocyte_Progenitor,Hpoly_Day3,0.7314,0.0016,0.4187402882011043,7
Haber,Enterocyte_Progenitor,Salmonella,0.8932,0.0023,0.5176161047891024,7
Haber,Goblet,Hpoly_Day10,0.7725,0.0053,0.6297031525570066,7
Haber,Goblet,Hpoly_Day3,0.6486,0.0035,0.4457553037364584,7
Haber,Goblet,Salmonella,0.8205,0.0042,0.5321685050833238,7
Haber,Stem,Hpoly_Day10,0.8555,0.0041,0.6173439423955271,7
Haber,Stem,Hpoly_Day3,0.745,0.0017,0.4167170006743767,7
Haber,Stem,Salmonella,0.8522,0.0033,0.5255878270278059,7
Haber,TA,Hpoly_Day10,0.9025,0.0031,0.6053902666630405,7
Haber,TA,Hpoly_Day3,0.7019,0.002,0.4219652873607559,7
Haber,TA,Salmonella,0.87,0.0026,0.5212395051170201,7
Haber,TA_Early,Hpoly_Day10,0.9074,0.002,0.6032518732524031,7
Haber,TA_Early,Hpoly_Day3,0.8237,0.0012,0.4037178796816828,7
Haber,TA_Early,Salmonella,0.8865,0.0023,0.5176089401719648,7
Haber,Tuft,Hpoly_Day10,0.6609,0.0067,0.6587414158792596,7
Haber,Tuft,Hpoly_Day3,0.5902,0.0071,0.4741114568843346,7
Haber,Tuft,Salmonella,0.6226,0.0115,0.6541795402921918,7
KaggleCrossCell,CD4,AT13387,0.6149,0.0228,-1.0,1
KaggleCrossCell,CD4,CEP18770,0.9137,0.005,-1.0,1
KaggleCrossCell,CD4,CHIR99021,0.4574,0.0017,0.219253907325354,2
KaggleCrossCell,CD4,Ganetespib,0.6337,0.0232,-1.0,1
KaggleCrossCell,CD4,LDN,0.17,0.0009,0.1176192704885119,2
KaggleCrossCell,CD4,Linagliptin,0.5535,0.001,0.2456397510363367,2
KaggleCrossCell,CD4,MLN,0.9141,0.0051,-1.0,1
KaggleCrossCell,CD4,Oprozomib,0.8594,0.0121,-1.0,1
KaggleCrossCell,CD4,Palbociclib,0.6552,0.0008,0.3006870137671098,2
KaggleCrossCell,CD4,Penfluridol,0.2843,0.0014,-1.0,1
KaggleCrossCell,CD8,CEP18770,0.9137,0.005,-1.0,1
KaggleCrossCell,CD8,MLN,0.9141,0.0051,-1.0,1
KaggleCrossCell,Myeloid,CHIR99021,0.2433,0.0046,0.4063822451440395,2
KaggleCrossCell,Myeloid,LDN,0.1562,0.0017,0.1868370166493414,2
KaggleCrossCell,Myeloid,Linagliptin,0.339,0.0027,0.4290589931920524,2
KaggleCrossCell,Myeloid,Palbociclib,0.4058,0.0026,0.5363672452058276,2
KaggleCrossCell,Myeloid,Penfluridol,0.2843,0.0014,-1.0,1
KaggleCrossCell,NK,AT13387,0.6149,0.0228,-1.0,1
KaggleCrossCell,NK,CHIR99021,0.4347,0.0021,0.186001549693258,2
KaggleCrossCell,NK,Ganetespib,0.6337,0.0232,-1.0,1
KaggleCrossCell,NK,LDN,0.2246,0.0013,0.0454122792621498,2
KaggleCrossCell,NK,Linagliptin,0.4232,0.0016,0.3918865033007221,2
KaggleCrossCell,NK,Palbociclib,0.517,0.0014,0.4423027630799469,2
KaggleCrossCell,Treg,Oprozomib,0.8594,0.0121,-1.0,1
KaggleCrossPatient,Pat0,AT13387,0.973,0.0014,0.8987184148967335,2
KaggleCrossPatient,Pat0,CEP18770,0.9794,0.0014,0.929772837185848,2
KaggleCrossPatient,Pat0,CHIR99021,0.242,0.0041,0.1709337428380088,2
KaggleCrossPatient,Pat0,Ganetespib,0.9683,0.0017,0.8687240633512654,2
KaggleCrossPatient,Pat0,LDN,-0.5892,0.0055,0.7488809508074299,2
KaggleCrossPatient,Pat0,Linagliptin,0.3731,0.0025,0.678104263126267,2
KaggleCrossPatient,Pat0,MLN,0.9723,0.002,0.9256577870694926,2
KaggleCrossPatient,Pat0,Oprozomib,0.9802,0.0017,0.9190116184487764,2
KaggleCrossPatient,Pat0,Palbociclib,0.7875,0.001,0.2362732262321023,2
KaggleCrossPatient,Pat0,Penfluridol,0.0417,0.0015,-0.5168050550052654,2
KaggleCrossPatient,Pat1,AT13387,0.965,0.0019,0.9068495710805238,2
KaggleCrossPatient,Pat1,CEP18770,0.9754,0.0018,0.9346481619383284,2
KaggleCrossPatient,Pat1,CHIR99021,0.5874,0.0029,-0.2254369562246433,2
KaggleCrossPatient,Pat1,Ganetespib,0.941,0.0033,0.9012253673082408,2
KaggleCrossPatient,Pat1,LDN,0.3671,0.0013,-0.5820752620503608,2
KaggleCrossPatient,Pat1,Linagliptin,0.6688,0.0012,0.3633565521926395,2
KaggleCrossPatient,Pat1,MLN,0.9687,0.0022,0.9298099524158596,2
KaggleCrossPatient,Pat1,Oprozomib,0.9719,0.0026,0.9292934741455428,2
KaggleCrossPatient,Pat1,Palbociclib,0.3385,0.0039,0.7131194100147947,2
KaggleCrossPatient,Pat1,Penfluridol,-0.2172,0.0028,-0.2720445205210603,2
KaggleCrossPatient,Pat2,AT13387,0.9548,0.0034,0.9486895932412824,2
KaggleCrossPatient,Pat2,CEP18770,0.956,0.0038,0.9660134668971916,2
KaggleCrossPatient,Pat2,CHIR99021,0.0069,0.01,0.69315958376199,2
KaggleCrossPatient,Pat2,Ganetespib,0.9465,0.0044,0.9242699668534778,2
KaggleCrossPatient,Pat2,LDN,0.0371,0.0033,-0.494217126186189,2
KaggleCrossPatient,Pat2,Linagliptin,0.6913,0.0036,0.2847361967903742,2
KaggleCrossPatient,Pat2,MLN,0.9544,0.004,0.9513888491905056,2
KaggleCrossPatient,Pat2,Oprozomib,0.9581,0.0039,0.9553507571864984,2
KaggleCrossPatient,Pat2,Palbociclib,0.6846,0.0058,0.4411373295053991,2
KaggleCrossPatient,Pat2,Penfluridol,-0.4942,0.0051,0.3864883526043508,2
McFarland,BICR31,Afatinib,0.7888,0.0085,0.5660606853486501,3
McFarland,BICR31,Bortezomib,0.8505,0.0109,0.6689889465143243,4
McFarland,BICR31,Everolimus,0.7975,0.0077,0.5387517237130086,3
McFarland,BICR31,Idasanutlin,0.4065,0.0012,0.2641960093168341,4
McFarland,BICR31,JQ1,0.8363,0.0115,0.5945844039186751,3
McFarland,BICR31,Prexasertib,0.7822,0.0092,0.5109499278767682,3
McFarland,BICR31,Trametinib,0.7058,0.003,0.4311729907787607,4
McFarland,COLO680N,Afatinib,0.7852,0.0063,0.5515824794719089,3
McFarland,COLO680N,Bortezomib,0.823,0.0091,0.6755345382307161,4
McFarland,COLO680N,Dabrafenib,0.4891,0.0025,0.2955169329059424,2
McFarland,COLO680N,Everolimus,0.8193,0.0047,0.5314777840439698,3
McFarland,COLO680N,Gemcitabine,0.5969,0.0154,-1.0,1
McFarland,COLO680N,Idasanutlin,0.4034,0.0017,0.2373821920503036,4
McFarland,COLO680N,JQ1,0.8059,0.0102,0.6210126676346406,3
McFarland,COLO680N,Navitoclax,0.3478,0.0029,0.2179909644637498,2
McFarland,COLO680N,Prexasertib,0.8282,0.0056,0.4870785110336034,3
McFarland,COLO680N,Taselisib,0.6635,0.0101,0.4330344642103139,2
McFarland,COLO680N,Trametinib,0.7176,0.0023,0.4251575930962114,4
McFarland,RCC10RGB,Afatinib,0.7361,0.0069,0.5699949406448256,3
McFarland,RCC10RGB,Bortezomib,0.8518,0.0098,0.6642060100050275,4
McFarland,RCC10RGB,Dabrafenib,0.3796,0.0043,0.4190985947003944,2
McFarland,RCC10RGB,Everolimus,0.6758,0.0081,0.6188062954592798,3
McFarland,RCC10RGB,Idasanutlin,0.2313,0.0074,0.3386815176481518,4
McFarland,RCC10RGB,JQ1,0.7527,0.0129,0.650357344450796,3
McFarland,RCC10RGB,Navitoclax,0.2554,0.0042,0.2550027305040639,2
McFarland,RCC10RGB,Prexasertib,0.6516,0.0127,0.5849711801711107,3
McFarland,RCC10RGB,Taselisib,0.6277,0.0112,0.5125570521493023,2
McFarland,RCC10RGB,Trametinib,0.5892,0.0043,0.4785782647414001,4
McFarland,SKMEL2,Bortezomib,0.805,0.0085,0.715551921886096,4
McFarland,SKMEL2,Idasanutlin,0.3356,0.0017,0.2898263084540865,4
McFarland,SKMEL2,Trametinib,0.5662,0.0046,0.5070474901353605,4
McFarland,TEN,Afatinib,0.7978,0.0055,0.5334817617397235,3
McFarland,TEN,Bortezomib,0.8378,0.007,0.6739907482889871,4
McFarland,TEN,Dabrafenib,0.4742,0.0027,0.3337498755492821,2
McFarland,TEN,Everolimus,0.7653,0.0074,0.5716608736127499,3
McFarland,TEN,Gemcitabine,0.5969,0.0154,-1.0,1
McFarland,TEN,Idasanutlin,0.4851,0.001,0.2323921535619178,4
McFarland,TEN,JQ1,0.7576,0.0136,0.6432442013417644,3
McFarland,TEN,Navitoclax,0.3601,0.0033,0.2956789576402099,2
McFarland,TEN,Prexasertib,0.6679,0.0163,0.5938506784615493,3
McFarland,TEN,Taselisib,0.6323,0.0165,0.4633381720964531,2
McFarland,TEN,Trametinib,0.5929,0.0024,0.4683194619944523,4
Parekh,endothelial,ASCL3,0.3231,0.0014,0.0457516980601258,2
Parekh,endothelial,CDX2,0.7479,0.0036,0.2215460378504765,2
Parekh,endothelial,FOXP1,0.0147,0.0012,-0.0307390387865131,2
Parekh,endothelial,HAND2,0.1777,0.0013,0.0167234784621876,2
Parekh,endothelial,HOXA10,0.0638,0.0012,-0.0053826186134144,2
Parekh,endothelial,KLF4,0.7123,0.004,0.3152146791989059,2
Parekh,endothelial,LMX1A,-0.0405,0.001,0.0348975934254272,2
Parekh,endothelial,MYOG,0.5696,0.0018,0.1359547579278852,2
Parekh,endothelial,SNAI2,0.5666,0.0025,0.1102728525212154,2
Parekh,endothelial,SPI1,0.2479,0.0016,0.1303099776765793,2
Parekh,hPSC,ASCL3,0.2899,0.0013,0.1558266088425064,2
Parekh,hPSC,CDX2,0.5143,0.0076,0.5641423731041983,2
Parekh,hPSC,FOXP1,-0.0789,0.0012,0.0543605589208942,2
Parekh,hPSC,HAND2,0.1714,0.0014,0.073025333089636,2
Parekh,hPSC,HOXA10,-0.0217,0.0012,0.0645431689927647,2
Parekh,hPSC,KLF4,0.577,0.0071,0.5060659870911643,2
Parekh,hPSC,LMX1A,-0.0375,0.0009,-0.0001731301997316,2
Parekh,hPSC,MYOG,0.3768,0.0027,0.3777609223383317,2
Parekh,hPSC,SNAI2,0.399,0.0034,0.2879678005180613,2
Parekh,hPSC,SPI1,0.2471,0.0016,0.1240297735925111,2
Parekh,multilineage,ASCL3,0.1531,0.0019,0.3165874530594528,2
Parekh,multilineage,CDX2,0.5388,0.008,0.5052866501755247,2
Parekh,multilineage,FOXP1,0.0357,0.0017,-0.0493133144013449,2
Parekh,multilineage,HAND2,0.0803,0.0021,0.1842764984066717,2
Parekh,multilineage,HOXA10,0.065,0.0025,-0.0083824132546371,2
Parekh,multilineage,KLF4,0.5316,0.009,0.5621320098878149,2
Parekh,multilineage,LMX1A,0.0171,0.0016,-0.0779808594723441,2
Parekh,multilineage,MYOG,0.3577,0.003,0.4351287408238825,2
Parekh,multilineage,SNAI2,0.302,0.0047,0.4971504039440087,2
Parekh,multilineage,SPI1,0.1701,0.0024,0.2259395883229044,2
TCDD,Cholangiocytes,TCDD,0.658,0.0064,0.5742119935887728,5
TCDD,EndothelialCells,TCDD,0.7214,0.0022,0.5476607136997581,5
TCDD,HepatocytesCentral,TCDD,0.8404,0.0034,0.5259247270726115,5
TCDD,HepatocytesPortal,TCDD,0.8469,0.0015,0.532767380295988,5
TCDD,PortalFibroblasts,TCDD,0.5394,0.0042,0.6244540663705839,5
TCDD,StellateCells,TCDD,0.5986,0.0032,0.5763113812307692,5
crossPatient,PW029,Etoposide,0.1012,0.0071,-0.0941941212108479,4
crossPatient,PW030,Etoposide,-0.1312,0.0073,-0.0003119668113203,4
crossPatient,PW030,Panobinostat,0.633,0.0076,0.3052932136919934,4
crossPatient,PW032,Etoposide,-0.1184,0.0043,-0.0905517148485588,4
crossPatient,PW032,Panobinostat,0.5574,0.0085,0.3614338777906544,4
crossPatient,PW034,Etoposide,0.3279,0.0027,-0.1638063397163793,4
crossPatient,PW034,Panobinostat,0.4221,0.0042,0.3639248321155477,4
crossPatient,PW036,Etoposide,-0.1693,0.0034,-0.0686494169927598,4
crossPatient,PW036,Panobinostat,0.6158,0.0024,0.2821908596213046,4
crossPatient,PW040,Panobinostat,0.3878,0.0037,0.4183474428906649,4
crossSpecies,mouse,LPS,0.5816,0.0452,0.3924327864960797,3
crossSpecies,pig,LPS,0.5526,0.0315,0.4382207393591965,3
crossSpecies,rabbit,LPS,0.4458,0.0351,0.5039738043912191,3
crossSpecies,rat,LPS,0.6084,0.0281,0.4133767971998385,3
kangCrossPatient,Pat101,stimulated,0.983,0.0013,0.9411663075514994,7
kangCrossPatient,Pat1015,stimulated,0.9843,0.0012,0.9407788059081852,7
kangCrossPatient,Pat1016,stimulated,0.9813,0.0011,0.9415670955623034,7
kangCrossPatient,Pat1039,stimulated,0.9758,0.0014,0.9432989594273644,7
kangCrossPatient,Pat107,stimulated,0.9754,0.0029,0.9455885513463518,7
kangCrossPatient,Pat1244,stimulated,0.9665,0.0019,0.9453423498368942,7
kangCrossPatient,Pat1256,stimulated,0.9732,0.0016,0.9437348230286638,7
kangCrossPatient,Pat1488,stimulated,0.9724,0.0018,0.9439726362425344,7
sciplex3,A549,Alvespimycin,0.1381,0.0041,0.0797268654964901,2
sciplex3,A549,Belinostat,0.465,0.0031,0.3024118128843774,2
sciplex3,A549,Dacinostat,0.4975,0.0116,0.2551881085243541,2
sciplex3,A549,Flavopiridol,0.1959,0.0014,0.111783609871468,2
sciplex3,A549,Givinostat,0.4796,0.0044,0.2644753660188015,2
sciplex3,A549,Hesperadin,0.3322,0.0026,0.1020574871743928,2
sciplex3,A549,Quisinostat,0.5685,0.0212,0.2687890804628355,2
sciplex3,A549,TAK901,0.265,0.0021,0.0771691714799581,2
sciplex3,A549,Tanespimycin,0.1982,0.0027,0.0866266314127593,2
sciplex3,K562,Alvespimycin,0.1046,0.0042,0.1345518879156023,2
sciplex3,K562,Belinostat,0.3548,0.0025,0.4099918630118849,2
sciplex3,K562,Dacinostat,0.3755,0.0134,0.4203528293900862,2
sciplex3,K562,Flavopiridol,0.1707,0.0019,0.1475643941435487,2
sciplex3,K562,Givinostat,0.3136,0.0035,0.4605364705757748,2
sciplex3,K562,Hesperadin,0.2294,0.0024,0.245776413773573,2
sciplex3,K562,Quisinostat,0.397,0.0217,0.4667646635226162,2
sciplex3,K562,TAK901,0.1216,0.0021,0.3467589281352727,2
sciplex3,K562,Tanespimycin,0.1202,0.0026,0.1740661260595379,2
sciplex3,MCF7,Alvespimycin,0.1082,0.0023,0.0682526386961057,2
sciplex3,MCF7,Belinostat,0.5122,0.0022,0.2217682641814479,2
sciplex3,MCF7,Dacinostat,0.5127,0.0096,0.2448985072473847,2
sciplex3,MCF7,Flavopiridol,0.1857,0.0018,0.1131275869532317,2
sciplex3,MCF7,Givinostat,0.5679,0.0024,0.1932540702518755,2
sciplex3,MCF7,Hesperadin,0.248,0.002,0.2102307149796937,2
sciplex3,MCF7,Quisinostat,0.5681,0.0186,0.2696324399937065,2
sciplex3,MCF7,TAK901,0.3267,0.0012,0.105262072593207,2
sciplex3,MCF7,Tanespimycin,0.1441,0.0021,0.0854923808269477,2
