dataset,units,retained,actual_coverage,full_pcc_delta,retained_pcc_delta,full_mse,baseline_pcc_delta,full_pass
Afriat,4,4,1.0,0.9450999999999999,0.9450999999999999,0.0015999999999999999,0.68675,True
Haber,24,20,0.8333333333333334,0.7557833333333335,0.75684,0.004491666666666667,0.5007333333333334,True
KaggleCrossCell,24,20,0.8333333333333334,0.5425041666666667,0.49814500000000006,0.006733333333333333,0.42192500000000005,True
KaggleCrossPatient,30,24,0.8,0.5996799999999999,0.7055124999999999,0.0031333333333333335,0.60979,False
McFarland,42,34,0.8095238095238095,0.6398428571428572,0.6895823529411765,0.007392857142857144,0.38315238095238097,True
Parekh,30,24,0.8,0.2690633333333333,0.32971249999999996,0.00283,0.26403333333333334,True
TCDD,6,5,0.8333333333333334,0.7007833333333333,0.67286,0.0034833333333333335,0.2391,True
crossPatient,10,8,0.8,0.26263,0.27465,0.00512,0.35211,False
crossSpecies,4,4,1.0,0.5470999999999999,0.5470999999999999,0.03497499999999999,0.340325,True
kangCrossPatient,8,7,0.875,0.9764875,0.9753714285714288,0.0016499999999999998,0.94865,True
sciplex3,27,22,0.8148148148148148,0.3148518518518519,0.3476090909090909,0.005544444444444445,0.3196259259259259,False
