dataset,context,perturbation,fallback,training_contexts,absolute_weight,meanDelta_weight,ridge_weight,worst_training_pcc,mean_training_pcc
Afriat,Pericentral,Infected,True,1,0.0,0.0,1.0,,
Afriat,Pericentral,Uninfected,True,1,0.0,0.0,1.0,,
Afriat,Periportal,Infected,True,1,0.0,0.0,1.0,,
Afriat,Periportal,Uninfected,True,1,0.0,0.0,1.0,,
Haber,Endocrine,Hpoly_Day10,False,7,0.0,0.5,0.5,0.6551100342045456,0.8217520870806695
Haber,Endocrine,Hpoly_Day3,False,7,0.0,0.0,1.0,0.5362180137077527,0.6859066292851621
Haber,Endocrine,Salmonella,False,7,0.0,0.25,0.75,0.6230387084562006,0.8132329688390921
Haber,Enterocyte,Hpoly_Day10,False,7,0.0,0.5,0.5,0.6639779231534848,0.8076371227826888
Haber,Enterocyte,Hpoly_Day3,False,7,0.25,0.75,0.0,0.6605425187828122,0.7435288191990587
Haber,Enterocyte,Salmonella,False,7,0.0,0.25,0.75,0.6303211172613195,0.7977280252229262
Haber,Enterocyte_Progenitor,Hpoly_Day10,False,7,0.0,0.5,0.5,0.6624978048652851,0.7776125349245089
Haber,Enterocyte_Progenitor,Hpoly_Day3,False,7,0.0,0.25,0.75,0.5287343899805885,0.6432937173997363
Haber,Enterocyte_Progenitor,Salmonella,False,7,0.0,0.5,0.5,0.6156942152750371,0.7684154777029576
Haber,Goblet,Hpoly_Day10,False,7,0.0,0.25,0.75,0.6532579413681936,0.8043125119935212
Haber,Goblet,Hpoly_Day3,False,7,0.0,0.0,1.0,0.5200762859277471,0.6620647713514726
Haber,Goblet,Salmonella,False,7,0.0,0.5,0.5,0.6032937048683513,0.7834920385065016
Haber,Stem,Hpoly_Day10,False,7,0.0,0.5,0.5,0.6600278567340078,0.7904832452151783
Haber,Stem,Hpoly_Day3,False,7,0.0,0.0,1.0,0.538162741229674,0.6463702717110943
Haber,Stem,Salmonella,False,7,0.0,0.25,0.75,0.6265730025901488,0.7813334784267472
Haber,TA,Hpoly_Day10,False,7,0.0,0.5,0.5,0.6622421246886039,0.7817222494496645
Haber,TA,Hpoly_Day3,False,7,0.0,0.0,1.0,0.5468945036002065,0.6542531400382516
Haber,TA,Salmonella,False,7,0.0,0.25,0.75,0.6283898678861396,0.7793532723636784
Haber,TA_Early,Hpoly_Day10,False,7,0.0,0.25,0.75,0.6615931557550051,0.7823677879157314
Haber,TA_Early,Hpoly_Day3,False,7,0.0,0.0,1.0,0.5378888802675155,0.6315178824962506
Haber,TA_Early,Salmonella,False,7,0.0,0.25,0.75,0.6298743426977824,0.7758968958959708
Haber,Tuft,Hpoly_Day10,False,7,0.0,0.75,0.25,0.6525671421363081,0.8168468973314725
Haber,Tuft,Hpoly_Day3,False,7,0.0,0.0,1.0,0.4876157440268331,0.6787298203743986
Haber,Tuft,Salmonella,False,7,0.0,0.0,1.0,0.6749396684557563,0.8264257716496514
KaggleCrossCell,CD4,AT13387,True,1,0.0,0.0,1.0,,
KaggleCrossCell,CD4,CEP18770,True,1,0.0,0.0,1.0,,
KaggleCrossCell,CD4,CHIR99021,True,2,0.0,0.0,1.0,,
KaggleCrossCell,CD4,Ganetespib,True,1,0.0,0.0,1.0,,
KaggleCrossCell,CD4,LDN,True,2,0.0,0.0,1.0,,
KaggleCrossCell,CD4,Linagliptin,True,2,0.0,0.0,1.0,,
KaggleCrossCell,CD4,MLN,True,1,0.0,0.0,1.0,,
KaggleCrossCell,CD4,Oprozomib,True,1,0.0,0.0,1.0,,
KaggleCrossCell,CD4,Palbociclib,True,2,0.0,0.0,1.0,,
KaggleCrossCell,CD4,Penfluridol,True,1,0.0,0.0,1.0,,
KaggleCrossCell,CD8,CEP18770,True,1,0.0,0.0,1.0,,
KaggleCrossCell,CD8,MLN,True,1,0.0,0.0,1.0,,
KaggleCrossCell,Myeloid,CHIR99021,True,2,0.0,0.0,1.0,,
KaggleCrossCell,Myeloid,LDN,True,2,0.0,0.0,1.0,,
KaggleCrossCell,Myeloid,Linagliptin,True,2,0.0,0.0,1.0,,
KaggleCrossCell,Myeloid,Palbociclib,True,2,0.0,0.0,1.0,,
KaggleCrossCell,Myeloid,Penfluridol,True,1,0.0,0.0,1.0,,
KaggleCrossCell,NK,AT13387,True,1,0.0,0.0,1.0,,
KaggleCrossCell,NK,CHIR99021,True,2,0.0,0.0,1.0,,
KaggleCrossCell,NK,Ganetespib,True,1,0.0,0.0,1.0,,
KaggleCrossCell,NK,LDN,True,2,0.0,0.0,1.0,,
KaggleCrossCell,NK,Linagliptin,True,2,0.0,0.0,1.0,,
KaggleCrossCell,NK,Palbociclib,True,2,0.0,0.0,1.0,,
KaggleCrossCell,Treg,Oprozomib,True,1,0.0,0.0,1.0,,
KaggleCrossPatient,Pat0,AT13387,True,2,0.0,0.0,1.0,,
KaggleCrossPatient,Pat0,CEP18770,True,2,0.0,0.0,1.0,,
KaggleCrossPatient,Pat0,CHIR99021,True,2,0.0,0.0,1.0,,
KaggleCrossPatient,Pat0,Ganetespib,True,2,0.0,0.0,1.0,,
KaggleCrossPatient,Pat0,LDN,True,2,0.0,0.0,1.0,,
KaggleCrossPatient,Pat0,Linagliptin,True,2,0.0,0.0,1.0,,
KaggleCrossPatient,Pat0,MLN,True,2,0.0,0.0,1.0,,
KaggleCrossPatient,Pat0,Oprozomib,True,2,0.0,0.0,1.0,,
KaggleCrossPatient,Pat0,Palbociclib,True,2,0.0,0.0,1.0,,
KaggleCrossPatient,Pat0,Penfluridol,True,2,0.0,0.0,1.0,,
KaggleCrossPatient,Pat1,AT13387,True,2,0.0,0.0,1.0,,
KaggleCrossPatient,Pat1,CEP18770,True,2,0.0,0.0,1.0,,
KaggleCrossPatient,Pat1,CHIR99021,True,2,0.0,0.0,1.0,,
KaggleCrossPatient,Pat1,Ganetespib,True,2,0.0,0.0,1.0,,
KaggleCrossPatient,Pat1,LDN,True,2,0.0,0.0,1.0,,
KaggleCrossPatient,Pat1,Linagliptin,True,2,0.0,0.0,1.0,,
KaggleCrossPatient,Pat1,MLN,True,2,0.0,0.0,1.0,,
KaggleCrossPatient,Pat1,Oprozomib,True,2,0.0,0.0,1.0,,
KaggleCrossPatient,Pat1,Palbociclib,True,2,0.0,0.0,1.0,,
KaggleCrossPatient,Pat1,Penfluridol,True,2,0.0,0.0,1.0,,
KaggleCrossPatient,Pat2,AT13387,True,2,0.0,0.0,1.0,,
KaggleCrossPatient,Pat2,CEP18770,True,2,0.0,0.0,1.0,,
KaggleCrossPatient,Pat2,CHIR99021,True,2,0.0,0.0,1.0,,
KaggleCrossPatient,Pat2,Ganetespib,True,2,0.0,0.0,1.0,,
KaggleCrossPatient,Pat2,LDN,True,2,0.0,0.0,1.0,,
KaggleCrossPatient,Pat2,Linagliptin,True,2,0.0,0.0,1.0,,
KaggleCrossPatient,Pat2,MLN,True,2,0.0,0.0,1.0,,
KaggleCrossPatient,Pat2,Oprozomib,True,2,0.0,0.0,1.0,,
KaggleCrossPatient,Pat2,Palbociclib,True,2,0.0,0.0,1.0,,
KaggleCrossPatient,Pat2,Penfluridol,True,2,0.0,0.0,1.0,,
McFarland,BICR31,Afatinib,False,3,0.0,0.25,0.75,0.7015164576986443,0.7335615544138944
McFarland,BICR31,Bortezomib,False,4,0.25,0.25,0.5,0.8008144555232112,0.82877436669827
McFarland,BICR31,Everolimus,False,3,0.0,0.25,0.75,0.6551801618558075,0.6951882392979205
McFarland,BICR31,Idasanutlin,False,4,0.0,1.0,0.0,0.2216272560690065,0.3263129421168727
McFarland,BICR31,JQ1,False,3,0.25,0.25,0.5,0.7323490600070784,0.7373164368214119
McFarland,BICR31,Prexasertib,False,3,0.25,0.5,0.25,0.631164517104095,0.678819388613587
McFarland,BICR31,Trametinib,False,4,0.0,0.25,0.75,0.5429573305133693,0.5751331050992966
McFarland,COLO680N,Afatinib,False,3,0.0,0.25,0.75,0.7168544125248861,0.7403281441048913
McFarland,COLO680N,Bortezomib,False,4,0.25,0.25,0.5,0.8123277482164285,0.8431581720411645
McFarland,COLO680N,Dabrafenib,True,2,0.0,0.0,1.0,,
McFarland,COLO680N,Everolimus,False,3,0.0,0.0,1.0,0.6587152477889754,0.6945128502262229
McFarland,COLO680N,Gemcitabine,True,1,0.0,0.0,1.0,,
McFarland,COLO680N,Idasanutlin,False,4,0.0,0.75,0.25,0.26872860269563476,0.3127575680403229
McFarland,COLO680N,JQ1,False,3,0.25,0.25,0.5,0.7487160843261715,0.7674233114585616
McFarland,COLO680N,Navitoclax,True,2,0.0,0.0,1.0,,
McFarland,COLO680N,Prexasertib,False,3,0.25,0.25,0.5,0.6182388327150543,0.6545934940061816
McFarland,COLO680N,Taselisib,True,2,0.0,0.0,1.0,,
McFarland,COLO680N,Trametinib,False,4,0.0,0.0,1.0,0.5525395449151521,0.5729927151893686
McFarland,RCC10RGB,Afatinib,False,3,0.0,0.0,1.0,0.7401631622669741,0.7647958154193147
McFarland,RCC10RGB,Bortezomib,False,4,0.25,0.5,0.25,0.7731833573104607,0.8204656066170535
McFarland,RCC10RGB,Dabrafenib,True,2,0.0,0.0,1.0,,
McFarland,RCC10RGB,Everolimus,False,3,0.0,0.0,1.0,0.7142658822787421,0.7734108289541085
McFarland,RCC10RGB,Idasanutlin,False,4,0.0,0.25,0.75,0.36684432504841874,0.48437463259378244
McFarland,RCC10RGB,JQ1,False,3,0.25,0.25,0.5,0.718323977059512,0.7875413343955288
McFarland,RCC10RGB,Navitoclax,True,2,0.0,0.0,1.0,,
McFarland,RCC10RGB,Prexasertib,False,3,0.25,0.5,0.25,0.6652292198485601,0.7495443927172545
McFarland,RCC10RGB,Taselisib,True,2,0.0,0.0,1.0,,
McFarland,RCC10RGB,Trametinib,False,4,0.0,0.0,1.0,0.5263703434540642,0.6307083692534692
McFarland,SKMEL2,Bortezomib,False,4,0.25,0.5,0.25,0.8277534080137566,0.847855933115015
McFarland,SKMEL2,Idasanutlin,False,4,0.0,0.25,0.75,0.21734251193866427,0.35162810960525853
McFarland,SKMEL2,Trametinib,False,4,0.0,0.25,0.75,0.5555875614189392,0.6429066056774826
McFarland,TEN,Afatinib,False,3,0.0,0.0,1.0,0.6674628390098158,0.7289789858890053
McFarland,TEN,Bortezomib,False,4,0.25,0.25,0.5,0.8083894539108979,0.8377328059543542
McFarland,TEN,Dabrafenib,True,2,0.0,0.0,1.0,,
McFarland,TEN,Everolimus,False,3,0.0,0.0,1.0,0.6123080153613081,0.73129850860865
McFarland,TEN,Gemcitabine,True,1,0.0,0.0,1.0,,
McFarland,TEN,Idasanutlin,False,4,0.0,1.0,0.0,0.2251355508872443,0.29931236009350637
McFarland,TEN,JQ1,False,3,0.25,0.5,0.25,0.7276994438609636,0.7961622769758483
McFarland,TEN,Navitoclax,True,2,0.0,0.0,1.0,,
McFarland,TEN,Prexasertib,False,3,0.25,0.5,0.25,0.6696716999544919,0.7550485481659891
McFarland,TEN,Taselisib,True,2,0.0,0.0,1.0,,
McFarland,TEN,Trametinib,False,4,0.0,0.25,0.75,0.5537752020069574,0.6255472051458981
Parekh,endothelial,ASCL3,True,2,0.0,0.0,1.0,,
Parekh,endothelial,CDX2,True,2,0.0,0.0,1.0,,
Parekh,endothelial,FOXP1,True,2,0.0,0.0,1.0,,
Parekh,endothelial,HAND2,True,2,0.0,0.0,1.0,,
Parekh,endothelial,HOXA10,True,2,0.0,0.0,1.0,,
Parekh,endothelial,KLF4,True,2,0.0,0.0,1.0,,
Parekh,endothelial,LMX1A,True,2,0.0,0.0,1.0,,
Parekh,endothelial,MYOG,True,2,0.0,0.0,1.0,,
Parekh,endothelial,SNAI2,True,2,0.0,0.0,1.0,,
Parekh,endothelial,SPI1,True,2,0.0,0.0,1.0,,
Parekh,hPSC,ASCL3,True,2,0.0,0.0,1.0,,
Parekh,hPSC,CDX2,True,2,0.0,0.0,1.0,,
Parekh,hPSC,FOXP1,True,2,0.0,0.0,1.0,,
Parekh,hPSC,HAND2,True,2,0.0,0.0,1.0,,
Parekh,hPSC,HOXA10,True,2,0.0,0.0,1.0,,
Parekh,hPSC,KLF4,True,2,0.0,0.0,1.0,,
Parekh,hPSC,LMX1A,True,2,0.0,0.0,1.0,,
Parekh,hPSC,MYOG,True,2,0.0,0.0,1.0,,
Parekh,hPSC,SNAI2,True,2,0.0,0.0,1.0,,
Parekh,hPSC,SPI1,True,2,0.0,0.0,1.0,,
Parekh,multilineage,ASCL3,True,2,0.0,0.0,1.0,,
Parekh,multilineage,CDX2,True,2,0.0,0.0,1.0,,
Parekh,multilineage,FOXP1,True,2,0.0,0.0,1.0,,
Parekh,multilineage,HAND2,True,2,0.0,0.0,1.0,,
Parekh,multilineage,HOXA10,True,2,0.0,0.0,1.0,,
Parekh,multilineage,KLF4,True,2,0.0,0.0,1.0,,
Parekh,multilineage,LMX1A,True,2,0.0,0.0,1.0,,
Parekh,multilineage,MYOG,True,2,0.0,0.0,1.0,,
Parekh,multilineage,SNAI2,True,2,0.0,0.0,1.0,,
Parekh,multilineage,SPI1,True,2,0.0,0.0,1.0,,
TCDD,Cholangiocytes,TCDD,False,5,0.0,0.0,1.0,0.5455985532666352,0.7094078249382051
TCDD,EndothelialCells,TCDD,False,5,0.0,0.25,0.75,0.5326625450728549,0.6916462632163569
TCDD,HepatocytesCentral,TCDD,False,5,0.0,0.5,0.5,0.5324917429965281,0.6567098717231763
TCDD,HepatocytesPortal,TCDD,False,5,0.0,0.25,0.75,0.5385462346497362,0.6583406387971941
TCDD,PortalFibroblasts,TCDD,False,5,0.0,1.0,0.0,0.6481624552414454,0.7381233385922561
TCDD,StellateCells,TCDD,False,5,0.0,0.5,0.5,0.5242838376270607,0.715736334694409
crossPatient,PW029,Etoposide,False,4,0.25,0.0,0.75,0.02311432050812086,0.12048297558648942
crossPatient,PW030,Etoposide,False,4,0.25,0.0,0.75,0.07477974721533616,0.15609062629443354
crossPatient,PW030,Panobinostat,False,4,0.25,0.0,0.75,0.4343560388246643,0.5242839073416535
crossPatient,PW032,Etoposide,False,4,0.5,0.0,0.5,-0.005886242862161014,0.16200451990083126
crossPatient,PW032,Panobinostat,False,4,0.25,0.0,0.75,0.443810217611922,0.5720482845351584
crossPatient,PW034,Etoposide,False,4,1.0,0.0,0.0,0.005520723826146964,0.24166537290025236
crossPatient,PW034,Panobinostat,False,4,0.25,0.0,0.75,0.3865317538260227,0.5536364476753708
crossPatient,PW036,Etoposide,False,4,0.5,0.0,0.5,0.05760740120618216,0.21433815999388348
crossPatient,PW036,Panobinostat,False,4,0.25,0.0,0.75,0.3986249488211379,0.5110319818568316
crossPatient,PW040,Panobinostat,False,4,0.5,0.5,0.0,0.5301697000407354,0.5775628577751499
crossSpecies,mouse,LPS,False,3,0.0,0.75,0.25,0.42909210250180607,0.4849332217513775
crossSpecies,pig,LPS,False,3,0.0,0.75,0.25,0.40515162357562295,0.535613336085701
crossSpecies,rabbit,LPS,False,3,0.25,0.5,0.25,0.5163373952554513,0.5895933781957612
crossSpecies,rat,LPS,False,3,0.0,0.5,0.5,0.47243314845381873,0.5038869052130592
kangCrossPatient,Pat101,stimulated,False,7,0.0,0.5,0.5,0.9681271579220443,0.9746287467380406
kangCrossPatient,Pat1015,stimulated,False,7,0.25,0.75,0.0,0.9688856295073163,0.9757010580008935
kangCrossPatient,Pat1016,stimulated,False,7,0.0,1.0,0.0,0.9669182654851863,0.9745351823493482
kangCrossPatient,Pat1039,stimulated,False,7,0.0,1.0,0.0,0.9676508278128682,0.9755676240115768
kangCrossPatient,Pat107,stimulated,False,7,0.0,0.0,1.0,0.9658520222989955,0.9760738778673561
kangCrossPatient,Pat1244,stimulated,False,7,0.0,1.0,0.0,0.9670804796057196,0.976836154385602
kangCrossPatient,Pat1256,stimulated,False,7,0.0,0.25,0.75,0.9651055436849741,0.9764094733127575
kangCrossPatient,Pat1488,stimulated,False,7,0.0,1.0,0.0,0.9624180987789114,0.9760189023349592
sciplex3,A549,Alvespimycin,True,2,0.0,0.0,1.0,,
sciplex3,A549,Belinostat,True,2,0.0,0.0,1.0,,
sciplex3,A549,Dacinostat,True,2,0.0,0.0,1.0,,
sciplex3,A549,Flavopiridol,True,2,0.0,0.0,1.0,,
sciplex3,A549,Givinostat,True,2,0.0,0.0,1.0,,
sciplex3,A549,Hesperadin,True,2,0.0,0.0,1.0,,
sciplex3,A549,Quisinostat,True,2,0.0,0.0,1.0,,
sciplex3,A549,TAK901,True,2,0.0,0.0,1.0,,
sciplex3,A549,Tanespimycin,True,2,0.0,0.0,1.0,,
sciplex3,K562,Alvespimycin,True,2,0.0,0.0,1.0,,
sciplex3,K562,Belinostat,True,2,0.0,0.0,1.0,,
sciplex3,K562,Dacinostat,True,2,0.0,0.0,1.0,,
sciplex3,K562,Flavopiridol,True,2,0.0,0.0,1.0,,
sciplex3,K562,Givinostat,True,2,0.0,0.0,1.0,,
sciplex3,K562,Hesperadin,True,2,0.0,0.0,1.0,,
sciplex3,K562,Quisinostat,True,2,0.0,0.0,1.0,,
sciplex3,K562,TAK901,True,2,0.0,0.0,1.0,,
sciplex3,K562,Tanespimycin,True,2,0.0,0.0,1.0,,
sciplex3,MCF7,Alvespimycin,True,2,0.0,0.0,1.0,,
sciplex3,MCF7,Belinostat,True,2,0.0,0.0,1.0,,
sciplex3,MCF7,Dacinostat,True,2,0.0,0.0,1.0,,
sciplex3,MCF7,Flavopiridol,True,2,0.0,0.0,1.0,,
sciplex3,MCF7,Givinostat,True,2,0.0,0.0,1.0,,
sciplex3,MCF7,Hesperadin,True,2,0.0,0.0,1.0,,
sciplex3,MCF7,Quisinostat,True,2,0.0,0.0,1.0,,
sciplex3,MCF7,TAK901,True,2,0.0,0.0,1.0,,
sciplex3,MCF7,Tanespimycin,True,2,0.0,0.0,1.0,,
