dataset,pcc_delta,mse,baseline_target,frozen_ridge_pcc,frozen_ridge_mse,meanDelta_pcc,meanDelta_mse,analytic_trainMean_pcc,analytic_trainMean_mse,full_pass,no_harm_vs_ridge
Afriat,0.9451,0.0015999999999999999,0.68675,0.9451,0.0015999999999999,0.9451,0.0015999999999999,0.6884,0.0145999999999999,True,True
Haber,0.7526208333333333,0.004604166666666667,0.5007333333333334,0.7557833333333334,0.0044916666666666,0.7288833333333334,0.0048375,0.5046499999999999,0.0412041666666666,True,False
KaggleCrossCell,0.5425041666666667,0.006733333333333333,0.421925,0.5425041666666667,0.0067333333333333,0.527775,0.0067916666666666,0.4007416666666667,0.0492875,True,True
KaggleCrossPatient,0.59968,0.0031333333333333335,0.60979,0.59968,0.0031333333333333,0.6000066666666667,0.0032266666666666,0.5806766666666667,0.0040966666666666,False,True
McFarland,0.6415833333333334,0.007295238095238095,0.3831523809523809,0.6398428571428572,0.0073928571428571,0.6243285714285715,0.0079166666666666,0.3834904761904762,0.0423619047619047,True,True
Parekh,0.2690633333333333,0.00283,0.2640333333333333,0.2690633333333333,0.00283,0.2550366666666667,0.0028566666666666,0.2601766666666666,0.0256133333333333,True,True
TCDD,0.7063166666666666,0.003416666666666667,0.2391,0.7007833333333333,0.0034833333333333,0.7030333333333334,0.0034166666666666,0.2030333333333333,0.0653166666666666,True,True
crossPatient,0.35851,0.00623,0.35211,0.26263,0.00512,0.14728,0.00556,0.34333,0.01253,True,True
crossSpecies,0.555375,0.033549999999999996,0.340325,0.5471,0.034975,0.56015,0.032425,0.3404749999999999,0.1167499999999999,True,True
kangCrossPatient,0.9756,0.0017000000000000001,0.94865,0.9764875,0.00165,0.9758375,0.0016875,0.9524875,0.0030875,True,False
sciplex3,0.3148518518518518,0.005544444444444445,0.3196259259259259,0.3148518518518518,0.0055444444444444,0.2825777777777777,0.0065111111111111,0.3030111111111111,0.0377592592592592,False,True
